Manufacturer Part Number,Qty,Designator ,Customer Supply,Customer Remark,Value,Footprint,Datasheet,,LCSC Part Number,Manufacturer_Name,,note,
CC0402KRX7R9BB103,6,"C1-C3, C5-C7",N,,10NF,Capacitor_SMD:C_0402_1005Metric_Pad0.74x0.62mm_HandSolder,https://www.lcsc.com/product-detail/Multilayer-Ceramic-Capacitors-MLCC-SMD-SMT_YAGEO-CC0402KRX7R9BB103_C60133.html,,C60133,YAGEO,,footprint match ,
08055C104KAZ2A,2,"C4, C8",N,,0.1UF,Capacitor_SMD:C_0805_2012Metric,https://www.lcsc.com/product-detail/Multilayer-Ceramic-Capacitors-MLCC-SMD-SMT_Kyocera-AVX-08055C104KAZ2A_C6641151.html,,C6641151,Kyocera AVX,,footprint match ,
CL21A226MAYNNNE,3,"C9, C11, C18",N,,22uF,Capacitor_SMD:C_0805_2012Metric,https://www.lcsc.com/product-detail/Multilayer-Ceramic-Capacitors-MLCC-SMD-SMT_Samsung-Electro-Mechanics-CL21A226MAYNNNE_C602037.html,,C602037,SAMSUNG,,footprint match ,
VT1E221M0810,1,C10,N,,220uF,Capacitor_SMD:C_Elec_8x10.2,https://www.lcsc.com/product-detail/Aluminum-Electrolytic-Capacitors-span-style-background-color-ff0-SMD-span_ROQANG-VT1E221M0810_C191825.html,,C191825,ROQANG,,footprint match ,
CL21A106KOQNNNE,3,"C12, C13, C17",N,,10uF,Capacitor_SMD:C_0805_2012Metric,https://www.lcsc.com/product-detail/Multilayer-Ceramic-Capacitors-MLCC-SMD-SMT_Samsung-Electro-Mechanics-CL21A106KOQNNNE_C1713.html,,C1713,SAMSUNG,,footprint match ,
08055C104KAZ2A,3,C14-C16,N,,.1uF,Capacitor_SMD:C_0805_2012Metric,https://www.lcsc.com/product-detail/Multilayer-Ceramic-Capacitors-MLCC-SMD-SMT_Kyocera-AVX-08055C104KAZ2A_C6641151.html,,C6641151,Kyocera AVX,,footprint match ,
XL-2012SURC,1,D1,N,,LED,LED_SMD:LED_0805_2012Metric,https://www.lcsc.com/product-detail/Light-Emitting-Diodes-LED_XINGLIGHT-XL-2012SURC_C965812.html,,C965812,XINGLIGHT,,red - footprint match ,
XL-2012UYC,1,D2,N,,LED,LED_SMD:LED_0805_2012Metric,https://www.lcsc.com/product-detail/Light-Emitting-Diodes-LED_XINGLIGHT-XL-2012UYC_C965814.html,,C965814,XINGLIGHT,,yellow - footprint match ,
XL-2012UGC,1,D3,N,,LED,LED_SMD:LED_0805_2012Metric,https://www.lcsc.com/product-detail/Light-Emitting-Diodes-LED_XINGLIGHT-XL-2012UGC_C965815.html,,C965815,XINGLIGHT,,green - footprint match ,
DNP,2,"J1, J2",DNP,,CONN_03POLAR_LOCK,aa_sparkfun_connectors:1X03_LOCK,,,DNP,DNP,,DNP,
SM04B-SRSS-TB(LF)(SN),2,"J3, J5",N,,I2C_STANDARDQWIIC,aa_sparkfun_connectors:1X04_1MM_RA,https://www.lcsc.com/product-detail/Wire-To-Board-Wire-To-Wire-Connector_JST-SM04B-SRSS-TB-LF-SN_C160404.html,,C160404,JST,,footprint discrepancy ,
PTS526SK15SMTR2LFS,2,"J6, J7",N,,~,aaa_SamacSys_Parts:PTS526SM08SMTR2LFS,https://www.lcsc.com/product-detail/Tactile-Switches_C-K-PTS526SK15SMTR2LFS_C2689521.html,,C2689521,C&K,,footprint match ,
WJ126V-5.0-2P,1,J8,N,,~,aaa_motorgo_components:xt30,https://www.lcsc.com/product-detail/Screw-terminal_Ningbo-Kangnex-Elec-WJ126V-5-0-2P_C8404.html,,C8404,Ningbo Kangnex Elec,,footprint discrepancy ,
DNP,1,J9,DNP,,Conn_01x09_Pin,aa_sparkfun_connectors:1X09_LOCK,,,DNP,DNP,,DNP,
DNP,1,J10,DNP,,Conn_01x02_Pin,aa_sparkfun_connectors:1X02_LOCK,,,DNP,DNP,,DNP,
TYPE-C16P3MDDGP073,1,J11,N,,USB4520-03-0-A_REVA,aaa_motorgo_components:GCT_USB4520-03-0-A_REVA,https://www.lcsc.com/product-detail/USB-Connectors_SHOU-HAN-TYPE-C16P3MDDGP073_C2965608.html,,C2965608,SHOU HAN,,footprint match,
SM05B-NSHSS-TB(LF)(SN),2,"J12, J13",N,,BM05B-SRSS-TB_LF__SN_,SnapEDA Library:JST_BM05B-SRSS-TB_LF__SN_,https://www.lcsc.com/product-detail/Wire-To-Board-Wire-To-Wire-Connector_JST-SM05B-NSHSS-TB-LF-SN_C268096.html,,C268096,JST,,footprint match,
DNP,3,JP1-JP3,DNP,,SolderJumper_2_Bridged,Jumper:SolderJumper-2_P1.3mm_Bridged_Pad1.0x1.5mm,,,DNP,DNP,,DNP,
FNR5020S4R7MT,1,L1,N,,SRP3212A-4R7M,aaa_SamacSys_Parts:INDC3225X120N,https://www.lcsc.com/product-detail/Power-Inductors_cjiang-Changjiang-Microelectronics-Tech-FNR5020S4R7MT_C167930.html,,C167930,CJIANG,,footprint match,
RM2512FBR001GS,4,"R1, R2, R15, R16",N,,R_Shunt_US,aaa_SamacSys_Parts:RESC1608X55N,https://www.lcsc.com/product-detail/Current-Sense-Resistors-Shunt-Resistors_LIZ-Elec-RM2512FBR001GS_C5154734.html,,C5154734,LIZ Elec,,footprint match,
SCR0402F1K,12,R3-R14,N,,1K,Resistor_SMD:R_0402_1005Metric_Pad0.72x0.64mm_HandSolder,https://www.lcsc.com/product-detail/Chip-span-style-background-color-ff0-Resistor-span-Surface-Mount_VO-SCR0402F1K_C3015791.html,,C3015791,VO,,footprint match,
WR04X5492FTL,2,"R17, R19",N,,54.9k,Resistor_SMD:R_0402_1005Metric_Pad0.72x0.64mm_HandSolder,https://www.lcsc.com/product-detail/Chip-span-style-background-color-ff0-Resistor-span-Surface-Mount_Walsin-Tech-Corp-WR04X5492FTL_C170335.html,,C170335,Walsin Tech Corp,,footprint match,
SCR0402F10K,1,R18,N,,10k,Resistor_SMD:R_0402_1005Metric_Pad0.72x0.64mm_HandSolder,https://www.lcsc.com/product-detail/Chip-span-style-background-color-ff0-Resistor-span-Surface-Mount_VO-SCR0402F10K_C3015825.html,,C3015825,VO,,footprint match,
FRC0402F0000TS,2,"R20, R21",N,,0,Resistor_SMD:R_0402_1005Metric_Pad0.72x0.64mm_HandSolder,https://www.lcsc.com/product-detail/Chip-span-style-background-color-ff0-Resistor-span-Surface-Mount_FOJAN-FRC0402F0000TS_C2906858.html,,C2906858,FOJAN,,footprint match,
SCR0402F1K,3,"R22, R32, R33",N,,1k,Resistor_SMD:R_0402_1005Metric_Pad0.72x0.64mm_HandSolder,https://www.lcsc.com/product-detail/Chip-span-style-background-color-ff0-Resistor-span-Surface-Mount_VO-SCR0402F1K_C3015791.html,,C3015791,VO,,footprint match,
CR0402FF5101G,9,R23-R31,N,,5k1,Resistor_SMD:R_0402_1005Metric_Pad0.72x0.64mm_HandSolder,https://www.lcsc.com/product-detail/Chip-span-style-background-color-ff0-Resistor-span-Surface-Mount_LIZ-Elec-CR0402FF5101G_C100461.html,,C100461,LIZ Elec,,footprint match,
ESP32-S3-WROOM-1-N8,1,U1,N,,ESP32-S3-WROOM-1,aaa_espressif_github:ESP32-S3-WROOM-1,https://www.lcsc.com/product-detail/WiFi-Modules_Espressif-Systems-ESP32-S3-WROOM-1-N8_C2913198.html,,C2913198,Espressif Systems ,,footprint discrepancy,
TMC6300-LA-T,2,"U2, U5",N,,TMC6300,aaa_trinamic:TMC6300 3x3mm,https://www.mouser.com/ProductDetail/ADI-Trinamic/TMC6300-LA-T?qs=TiOZkKH1s2SPDan6zA6fKg%3D%3D,,n/a,ADI Trinamic,,footprint discrepancy,
INA2181A4QDGSRQ1,2,"U3, U4",N,,INA2181,aaa_motorgo_components:INA2181_VSSOP_10,https://www.lcsc.com/product-detail/Current-Sensing-Amplifiers_Texas-Instruments-INA2181A4QDGSRQ1_C2058024.html,,C2058024,Texas Instruments ,,footprint discrepancy,
AZ1117CR-3.3TRG1,1,U6,N,,AZ1117C,Package_TO_SOT_SMD:SOT-89-3,https://www.lcsc.com/product-detail/Linear-Voltage-Regulators-LDO_Diodes-Incorporated-AZ1117CR-3-3TRG1_C460428.html,,C460428,Diodes Incorporated ,,footprint match,
TPS562208DDCR,1,U7,N,,TPS562208,Package_TO_SOT_SMD:SOT-23-6_Handsoldering,https://www.lcsc.com/product-detail/DC-DC-Converters_Texas-Instruments-TPS562208DDCR_C91301.html,,C91301,Texas Instruments ,,footprint match,