"Id";"Designator";"Footprint";"Quantity";"Designation";"Supplier and ref";
1;"C2,C6,C5,C1,C3,C7";"C_0402_1005Metric_Pad0.74x0.62mm_HandSolder";6;"10NF";;;
2;"R14,R7,R5,R9,R10,R11,R3,R13,R6,R12,R8,R4";"R_0402_1005Metric_Pad0.72x0.64mm_HandSolder";12;"1K";;;
3;"JP1,JP3,JP2";"SolderJumper-2_P1.3mm_Bridged_Pad1.0x1.5mm";3;"SolderJumper_2_Bridged";;;
4;"C13,C17,C12";"C_0805_2012Metric";3;"10uF";;;
5;"U4,U3";"INA2181_VSSOP_10";2;"INA2181";;;
6;"U2,U5";"TMC6300 3x3mm";2;"TMC6300";;;
7;"C18,C9,C11";"C_0805_2012Metric";3;"22uF";;;
8;"D3,D2,D1";"LED_0805_2012Metric";3;"LED";;;
9;"R20,R21";"R_0402_1005Metric_Pad0.72x0.64mm_HandSolder";2;"0";;;
10;"R25,R24,R23,R27,R26,R29,R31,R30,R28";"R_0402_1005Metric_Pad0.72x0.64mm_HandSolder";9;"5k1";;;
11;"R17,R19";"R_0402_1005Metric_Pad0.72x0.64mm_HandSolder";2;"54.9k";;;
12;"R33,R22,R32";"R_0402_1005Metric_Pad0.72x0.64mm_HandSolder";3;"1k";;;
13;"L1";"L_Changjiang_FNR5020S";1;"SRP3212A-4R7M";;;
14;"R1,R2,R15,R16";"R_0805_2012Metric";4;"R_Shunt_US";;;
15;"J12,J13";"JST_BM05B-SRSS-TB_LF__SN_";2;"BM05B-SRSS-TB_LF__SN_";;;
16;"J5,J3";"1X04_1MM_RA";2;"I2C_STANDARDQWIIC";;;
17;"C8,C4";"C_0805_2012Metric";2;"0.1UF";;;
18;"J7,J6";"PTS526SM08SMTR2LFS";2;"~";;;
19;"U1";"ESP32-S3-WROOM-1";1;"ESP32-S3-WROOM-1";;;
20;"C20,C19";"C_0603_1608Metric_Pad1.08x0.95mm_HandSolder";2;"DNP";;;
21;"J2,J1";"1X03_LOCK";2;"CONN_03POLAR_LOCK";;;
22;"U7";"SOT-23-6_Handsoldering";1;"TPS562208";;;
23;"J11";"GCT_USB4520-03-0-A_REVA";1;"USB4520-03-0-A_REVA";;;
24;"J10";"1X02_LOCK";1;"Conn_01x02_Pin";;;
25;"C10";"C_Elec_8x10.2";1;"220uF";;;
26;"C16,C15,C14";"C_0805_2012Metric";3;".1uF";;;
27;"J8";"TerminalBlock_Altech_AK300-2_P5.00mm";1;"~";;;
28;"J9";"1X09_LOCK";1;"Conn_01x09_Pin";;;
29;"U6";"SOT-89-3";1;"AZ1117C";;;
30;"R18";"R_0402_1005Metric_Pad0.72x0.64mm_HandSolder";1;"10k";;;
